{
	"Latency": [
		[
			"GW0",
			"GW1",
			21.235035776487823
		],
		[
			"GW0",
			"GW2",
			22.13327763931307
		],
		[
			"GW0",
			"GW3",
			20.315242441559572
		],
		[
			"GW1",
			"GW2",
			21.54702316630973
		],
		[
			"GW1",
			"GW3",
			21.38687256803812
		],
		[
			"GW2",
			"GW3",
			22.10746896329745
		],
		[
			"GW0",
			"GW4",
			42
		],
		[
			"GW1",
			"GW4",
			42
		],
		[
			"GW2",
			"GW4",
			42
		],
		[
			"GW3",
			"GW4",
			42
		]
	],
	"Gateways": {
		"GW4": {
			"msg": 0.0,
			"app_cnt": 0,
			"apps": {
			},
			"cpu": 5.4
		},
		"GW1": {
			"msg": 18.0,
			"app_cnt": 9,
			"apps": {
				"App_GW1_type2_2": {
					"msg": 1,
					"const": 80.82649952238899,
					"proc": 1.17
				},
				"App_GW1_type1_8": {
					"msg": 1,
					"const": 35.48984849177959,
					"proc": 0.18
				},
				"App_GW1_type10_6": {
					"msg": 1,
					"const": 108.58752384890221,
					"proc": 1.85
				},
				"App_GW1_type4_3": {
					"msg": 1,
					"const": 484.714468741122,
					"proc": 9.63
				},
				"App_GW1_type5_1": {
					"msg": 4,
					"proc": 0.79
				},
				"App_GW1_type6_5": {
					"msg": 4,
					"const": 76.72256740659999,
					"proc": 4.15
				},
				"App_GW1_type2_7": {
					"msg": 1,
					"const": 80.82649952238899,
					"proc": 1.17
				},
				"App_GW1_type2_4": {
					"msg": 1,
					"const": 80.82649952238899,
					"proc": 1.17
				},
				"App_GW1_type7_0": {
					"msg": 4,
					"const": 214.84897249056462,
					"proc": 15.39
				}
			},
			"cpu": 52.86
		},
		"GW0": {
			"msg": 19.0,
			"app_cnt": 10,
			"apps": {
				"App_GW0_type10_7": {
					"msg": 1,
					"const": 108.58752384890221,
					"proc": 1.85
				},
				"App_GW0_type1_5": {
					"msg": 1,
					"const": 35.48984849177959,
					"proc": 0.18
				},
				"App_GW0_type1_6": {
					"msg": 1,
					"const": 35.48984849177959,
					"proc": 0.18
				},
				"App_GW0_type5_9": {
					"msg": 4,
					"proc": 0.79
				},
				"App_GW0_type5_1": {
					"msg": 4,
					"proc": 0.79
				},
				"App_GW0_type5_2": {
					"msg": 4,
					"proc": 0.79
				},
				"App_GW0_type10_8": {
					"msg": 1,
					"const": 108.58752384890221,
					"proc": 1.85
				},
				"App_GW0_type3_0": {
					"msg": 1,
					"const": 223.58585646790942,
					"proc": 3.98
				},
				"App_GW0_type4_4": {
					"msg": 1,
					"const": 484.714468741122,
					"proc": 9.63
				},
				"App_GW0_type2_3": {
					"msg": 1,
					"const": 80.82649952238899,
					"proc": 1.17
				}
			},
			"cpu": 39.239999999999995
		},
		"GW3": {
			"msg": 21.0,
			"app_cnt": 9,
			"apps": {
				"App_GW3_type1_3": {
					"msg": 1,
					"const": 35.48984849177959,
					"proc": 0.18
				},
				"App_GW3_type6_4": {
					"msg": 4,
					"const": 76.72256740659999,
					"proc": 4.15
				},
				"App_GW3_type6_6": {
					"msg": 4,
					"const": 76.72256740659999,
					"proc": 4.15
				},
				"App_GW3_type6_2": {
					"msg": 4,
					"const": 76.72256740659999,
					"proc": 4.15
				},
				"App_GW3_type2_5": {
					"msg": 1,
					"const": 80.82649952238899,
					"proc": 1.17
				},
				"App_GW3_type2_7": {
					"msg": 1,
					"const": 80.82649952238899,
					"proc": 1.17
				},
				"App_GW3_type2_8": {
					"msg": 1,
					"const": 80.82649952238899,
					"proc": 1.17
				},
				"App_GW3_type10_1": {
					"msg": 1,
					"const": 108.58752384890221,
					"proc": 1.85
				},
				"App_GW3_type7_0": {
					"msg": 4,
					"const": 214.84897249056462,
					"proc": 15.39
				}
			},
			"cpu": 52.75000000000001
		},
		"GW2": {
			"msg": 28.0,
			"app_cnt": 6,
			"apps": {
				"App_GW2_type8_3": {
					"msg": 20,
					"proc": 2.82
				},
				"App_GW2_type3_5": {
					"msg": 1,
					"const": 223.58585646790942,
					"proc": 3.98
				},
				"App_GW2_type10_4": {
					"msg": 1,
					"const": 108.58752384890221,
					"proc": 1.85
				},
				"App_GW2_type7_0": {
					"msg": 4,
					"const": 214.84897249056462,
					"proc": 15.39
				},
				"App_GW2_type4_2": {
					"msg": 1,
					"const": 484.714468741122,
					"proc": 9.63
				},
				"App_GW2_type4_1": {
					"msg": 1,
					"const": 484.714468741122,
					"proc": 9.63
				}
			},
			"cpu": 67.36000000000001
		}
	}
}
